{
    "name": "{{PACKAGE_NAME}}",
    "version": "0.0.0",
    "license": "LGPL-3.0-only",
    "tasks": {},
    "imports": {
        "@std/testing": "jsr:@std/testing@^1.0.9",
        "@std/expect": "jsr:@std/expect@^1.0.13"
    },
    "exports": {
        ".": "./source/index.ts"
    },
    "publish": {
        "include": [
            "source/",
            "deno.json",
            "LICENSE"
        ]
    },
    "kg": {
        "name": "Package_Name",
        "config": {},
        "source": "./source"
    }
}