{
    "version": "0.0.0",
    "workspace": [],
    "tasks": {
        "lint": "deno run -A npm:eslint --config eslint.config.js",
        "kg": "deno run -A jsr:@kartoffelgames/environment-cli"
    },
    "license": "LGPL-3.0-only",
    "imports": {},
    "lock": false,
    "compilerOptions": {
        "allowUnreachableCode": false,
        "exactOptionalPropertyTypes": true,
        "lib": [
            "ES2021",
            "DOM",
            "deno.ns"
        ],
        "noImplicitAny": true,
        "noImplicitOverride": true,
        "noImplicitReturns": true,
        "noImplicitThis": true,
        "noPropertyAccessFromIndexSignature": true,
        "noUnusedParameters": true,
        "strictBindCallApply": true,
        "strictFunctionTypes": true,
        "strictNullChecks": true,
        "strictPropertyInitialization": true,
        "useUnknownInCatchVariables": true
    },
    "fmt": {
        "useTabs": false,
        "indent-width": 4,
        "line-width": 9999,
        "semiColons": true,
        "singleQuote": true
    },
    "lint": {
        "exclude": [
            "**/*"
        ]
    },
    "kg": {
        "root": true,
        "cli": [
            "jsr:@kartoffelgames/environment-command-help",
            "jsr:@kartoffelgames/environment-command-sync",
            "jsr:@kartoffelgames/environment-command-create",
            "jsr:@kartoffelgames/environment-blueprint",
            "jsr:@kartoffelgames/environment-command-bundle",
            "jsr:@kartoffelgames/environment-command-scratchpad",
            "jsr:@kartoffelgames/environment-command-page",
            "jsr:@kartoffelgames/environment-command-test",
            "jsr:@kartoffelgames/environment-command-bump",
            "jsr:@kartoffelgames/environment-command-transform"
        ],
        "packages": "./packages"
    }
}