{
    "version": "0.0.0",
    "workspace": [],
    "tasks": {
        "lint": "deno run -A npm:eslint --config eslint.config.js",
        "kg": "deno run -A jsr:@kartoffelgames/environment-cli@{{CLI_VERSION}}"
    },
    "license": "LGPL-3.0-only",
    "imports": {},
    "lock": false,
    "compilerOptions": {
        "allowUnreachableCode": false,
        "exactOptionalPropertyTypes": true,
        "lib": [
            "ES2021",
            "DOM",
            "deno.ns"
        ],
        "noImplicitAny": true,
        "noImplicitOverride": true,
        "noImplicitReturns": true,
        "noImplicitThis": true,
        "noPropertyAccessFromIndexSignature": true,
        "noUnusedParameters": true,
        "strictBindCallApply": true,
        "strictFunctionTypes": true,
        "strictNullChecks": true,
        "strictPropertyInitialization": true,
        "useUnknownInCatchVariables": true
    },
    "fmt": {
        "useTabs": false,
        "indent-width": 4,
        "line-width": 9999,
        "semiColons": true,
        "singleQuote": true
    },
    "lint": {
        "exclude": [
            "**/*"
        ]
    },
    "kg": {
        "root": true,
        "cli": [
            "jsr:@kartoffelgames/environment-command-help@{{CLI_VERSION}}",
            "jsr:@kartoffelgames/environment-command-sync@{{CLI_VERSION}}",
            "jsr:@kartoffelgames/environment-command-create@{{CLI_VERSION}}",
            "jsr:@kartoffelgames/environment-blueprint@{{CLI_VERSION}}",
            "jsr:@kartoffelgames/environment-command-bundle@{{CLI_VERSION}}",
            "jsr:@kartoffelgames/environment-command-scratchpad@{{CLI_VERSION}}",
            "jsr:@kartoffelgames/environment-command-page@{{CLI_VERSION}}",
            "jsr:@kartoffelgames/environment-command-test@{{CLI_VERSION}}",
            "jsr:@kartoffelgames/environment-command-bump@{{CLI_VERSION}}",
            "jsr:@kartoffelgames/environment-command-transform@{{CLI_VERSION}}"
        ],
        "packages": "./packages"
    }
}